<?xml version="1.0"?>
<scene ambient="0.1 0.1 0.1 1.0">
  <!-- define camera,material,lights here -->
  <light name="myLight" color="1 1 1" from="-5 5 5" power="0.5" type="point" />
  <light name="myLight2" color="1 1 1" from="5 10 5 " power="0.9" type="point" />

  <material name="red" diffuse="1 0 0" specular="0.8 0.8 0.8" hardness="32" />
  <material name="green" diffuse="0 1 0" specular="0.8 0.8 0.8" hardness="32" />
  <material name="blue" diffuse="0 0 1" specular="0.8 0.8 0.9" hardness="32" />
  <material name="orange" diffuse="1 0.5 0" specular="0.8 0.8 0.9" hardness="32" />
  <material name="yellow" diffuse="1 1 0" specular="0.8 0.8 0.9" hardness="32" />
  
  <!-- render configuration -->
  <render bgcolor="0 0 0" output="boxes_scaled.png">
      <camera name="myCamera" from="3 10 18" to="-3 0 -5" up="0 1 0" fov="45" width="400" height="400" />
  </render> 
  
  <!-- scene objects -->
  <node name="root" >
    <plane>  <material ref="blue" />  <material2 ref="green" />  </plane>  
    <node name="boxStack" rotation="0 60 0"  >
      
      <node name="box1" scale="2 1 3">
        <box min="-1 0 -1" max="1 2 1">
          <material ref="red" />
        </box>
      </node>

      <node name="box2" translation="0 2 0" scale=".5 3 .5">
        <box min="-1 0 -1" max="1 2 1">
          <material ref="yellow" />
        </box>
      </node>

    </node>
  </node>

</scene>
