<?xml version="1.0"?>
<scene ambient="0.1 0.1 0.1 1.0">
  <!-- define camera,material,lights here -->
  <light name="light_front_top" color="1 1 1" from="0 5 5" power=".8" type="point" />
  <light name="light_front_bottom" color="1 1 1" from="0 -10 5" power=".8" type="point" />
  <light name="light_right_front" color="1 1 1" from="10 0 4" power=".8" type="point" />
  <light name="light_left_front" color="1 1 1" from="-10 0 4" power=".8" type="point" />
  <material name="red" diffuse="1 0 0" specular="0.8 0.8 0.8" hardness="32" />
  
  <!-- render configuration -->
  <render bgcolor="0 0 0" output="ellipsoids.png" >
      <camera name="myCamera" from="0 0 10" to="0 0 0" up="0 1 0" fov="45" width="256" height="256" />
  </render> 
  
  <!-- scene objects -->
  <node name="scalenode" scale="4 1 1" translation="0 2 0">
      <sphere center="0 0 0" radius="1" >
        <material ref="red" />
      </sphere>
  </node>

  <node ref="scalenode" scale="4 1 1" translation="0 -2 0"/>
  <node ref="scalenode" scale="3 1 1" translation="0 0 0" rotation="0 45 0"/>
  
</scene>
