<?xml version="1.0"?>
<scene ambient="0.2 0.2 0.2 1.0">
  <!-- define camera,material,lights here -->
  <light name="myLight" color="1 1 1" from="-5 5 5" power="1.0" type="point" />
  <light name="myLight2" color="1 1 1" from="5 5 5 " power="1.0" type="point" />
  <material name="red" diffuse="1 0 0" specular="0 0 0" hardness="0" />
  <material name="green" diffuse="0 1 0" specular="0 0 0" hardness="0" />
  <material name="blue" diffuse="0 0 1" specular="0 0 0" hardness="0" />
  
  <!-- render configuration -->
  <render bgcolor="0 0 0" output="lots_of_boxes.png" samples="4" >
      <camera name="myCamera" from="0 10 10" to="0 0 -5" up="0 1 0" fov="45" width="512" height="512" />
  </render> 
  
  <!-- scene objects -->
  <node name="root" >
    <node name="boxes"  >
      <node name="box1" >
        <box min="-1 -1 -1" max="1 1 1">
	  		<material ref="red" />
        </box>
      </node>
      <node name="box2" translation="3 0 0" rotation="45 45 45" scale="0.5 0.5 0.5" >
        <box min="-1 -1 -1" max="1 1 1">
	  		<material ref="blue" />
        </box>
      </node>
      <node name="box3" translation="-3 0 0" rotation="90 45 45" scale="1.5 1.5 1.5" >
        <box min="-1 -1 -1" max="1 1 1">
	  		<material ref="green" />
        </box>
      </node>
    </node>
    <!-- here we add two instances of the above -->
    <node name="boxes2" ref="boxes" translation="0 0 -4" rotation="0 0 45" /> 
    <node name="boxes2" ref="boxes" translation="0 0 -8" rotation="0 0 90" />
  </node>

</scene>
