<?xml version="1.0"?>
<scene ambient="0.2 0.2 0.2">
  <!-- define camera,material,lights here -->
  <light name="myLight" color="0.8 0.8 0.8" from="10 10 10 " power="1.0" type="point" />
  <light name="myLight2" color="0.8 0.6 0.6" from="0 1 0" power="0.6" type="point" />
  <material name="blue" diffuse="0 0 1" specular="0.5 0.5 0.5" hardness="16" />
  <material name="red" diffuse="1 0 0" specular="0.5 0.5 0.5" hardness="16" />
  <material name="green" diffuse="0 1 0" specular="0.5 0.5 0.5" hardness="16" />
  <material name="white" diffuse=".8 .8 .8" specular="0.5 0.5 0.5" hardness="16" />
  
  <!-- render configuration -->
  <render bgcolor="0 0 0" output="plane4.png" samples="1" >
    <camera name="myCamera" from="0 2 10" to="0 0 -10" up="0 1 0" fov="45" width="128" height="128" />
  </render> 
  
  <!-- scene objects -->
  <node name="root">
    <node name="plane1">
      <plane normal="1 1 0">
        <material ref="red" />
        <material2 ref="blue" />
      </plane>  
    </node>
    <node name="tform1" ref="plane1" translation="0 1 0" rotation="0 -90 0">
          <material ref="white" />
          <material2 ref="green" />
    </node>
  </node>
</scene>
