<?xml version="1.0"?>
<scene ambient="0.2 0.2 0.2">
  <!-- define camera,material,lights here -->
  <light name="myLight" color="0.8 0.8 0.8" from="10 10 10 " power="1.0" type="point" />
  <light name="myLight2" color="0.8 0.6 0.6" from="0 5 -10" power="0.6" type="point" />
  <material name="blue" diffuse="0 0 1" specular="0.5 0.5 0.5" hardness="16" />
  <material name="red" diffuse="1 0 0" specular="0.5 0.5 0.5" hardness="16" />
  <material name="green" diffuse="0 1 0" specular="0.5 0.5 0.5" hardness="16" />
  <material name="white" diffuse=".8 .8 .8" specular="0.5 0.5 0.5" hardness="16" />
  
  <!-- render configuration -->
  <render bgcolor="0 0 0" output="plane5_scenenode_tform.png">
    <camera name="myCamera" from="0 5 10" to="0 0 -10" up="0 1 0" fov="45" width="128" height="128" />
  </render> 

<!--
This scene should render excatly the same scene as plane5 but this scene specifies
the transformations using scene node.
-->
  
  <!-- scene objects -->
  <node name="root">
     <node name="basic_plane">
      <plane normal="0 1 0">
        <material ref="red" />
      </plane>
     </node>
     <node name="tformed_plane" rotation="90 0 0" ref="basic_plane">
        <material ref="blue" />
     </node>
  </node>

</scene>
