<?xml version="1.0"?>
<scene ambient="0.2 0.2 0.2">
  <!-- define camera,material,lights here -->
  <light name="myLight" color="0.8 0.8 0.8" from="10 10 10 " power="1.0" type="point" />
  <light name="myLight2" color="0.8 0.6 0.6" from="0 1 0" power="0.6" type="point" />
  <material name="blue" diffuse="0 0 1" specular="0.5 0.5 0.5" hardness="16" />
  <material name="green" diffuse="0 1 0" specular="0.5 0.5 0.5" hardness="16" />
  
  <!-- render configuration -->
  <render bgcolor="0 0.09 0.2" output="plane_slanted.png" jitter = "false">
    <camera name="myCamera" from="0 2 10" to="0 0 -10" up="0 1 0" fov="45" width="512" height="384" />
  </render> 
  
  <!-- scene objects -->
  <plane normal="1 1 0">
    <material ref="blue" />
    <material2 ref="green" />
  </plane>  
</scene>
