<?xml version="1.0"?>
<scene ambient="0.2 0.2 0.2">
  <!-- define camera,material,lights here -->
  <light name="myLight" color="0.8 0.2 0.2" from="10 5 10 " power="0.6" type="point" />
  <light name="myLight2" color="0.8 0.8 0.8" from="-10 10 2 " power="0.9" type="point" />
  <light name="myLight3" color="0.4 0.4 0.4" from="10 10 -5 " power="0.9" type="point" />
  <light name="WhiteLight" color="0.9 0.9 0.9" from="0 10 0 " power="0.9" type="point" />
  
  <material name="red" diffuse="1 0 0" specular="0.5 0.5 0.5" hardness="50" />
  <material name="green" diffuse="0 1 0" specular="0.5 0.5 0.5" hardness="16" />
  <material name="blue" diffuse="0 0 1" specular="0.5 0.5 0.5" hardness="16" />
  <material name="brown" diffuse="0.8 0.2 .09" specular="0.5 0.5 0.5" hardness="16" />
  <material name="light-blue" diffuse="0.2 0.2 .8" specular="0.5 0.5 0.5" hardness="16" />
  <material name="black" diffuse="0 0 0" specular="0 0 0" hardness="0" />
  <material name="white" diffuse="1 1 1" specular="0 0 0" hardness="0" />
  <material name="dark-gray" diffuse=".2 .2 .2" specular="0 0 0" hardness="0" />
  <material name="light-gray" diffuse=".8 .8 .8" specular="0 0 0" hardness="0" />
  <material name="orange" diffuse="1 0.5 0" specular="0.8 0.8 0.9" hardness="32" />
  <material name="yellow" diffuse="1 1 0" specular="0.8 0.8 0.9" hardness="32" />

  <!-- render configuration -->
  <render bgcolor="0 0 0" output="scene2.png" lensSize = "0.20" eyepoints="100" jitter ="true">
    <camera name="myCamera" from="-5 8 8" to="0 0 -4" up="0 1 0" fov="45" width="640" height="480" />
  </render> 
  
  <!-- scene objects -->
  <node name="root" >
	  <sphere center="-3 1.1 0" radius="1.1" >
		<material ref="red" />
	  </sphere>
       <node name="ellipse" scale="3 1 1">
	  <sphere center="0 4 0" radius="0.5" >
		<material ref="light-blue" />
	  </sphere> 
       </node>

       <node name="ellipse-csg" translation="-2 2 -5" scale="3 1 2" rotation="0 90 0">
	  <sphere center="0 0 0" radius="1" >
		<material ref="brown" />
	  </sphere> 
       </node>
	  <plane coeffs="0 1 0 0" >
		<material ref="dark-gray" />
		<material2 ref="light-gray" />
	  </plane>
        <node name="boxStack" rotation="0 30 0" >
          <node name="box1" >
            <box min="-1 0 -1" max="1 2 1">
              <material ref="red" />
            </box>
            <node name="box2" translation="0 2 0" rotation="0 12 0" scale="0.5 0.5 0.5" >
              <box min="-1 0 -1" max="1 2 1">
                <material ref="orange" />
              </box>
              <node name="box3" translation="0 2 0.2" rotation="0 -15 0" scale="0.5 0.5 0.5" >
                <box min="-1 0 -1" max="1 2 1">
                  <material ref="yellow" />
                </box>
              </node>
            </node>
          </node>
        </node>
  </node>
</scene>
